Workbook

Sheet Dashboard
A1: Music in Society Specifications Grading Dashboard v1.3
A3: Requirement | B3: Current | C3: Goal for A | D3: Progress | E3: Status | F3: Still Needed
A4: Syllabus Quiz | B4: ='Assignment Tracker'!D2 -> 0 | C4: =1 -> 1 | D4: =IFERROR(MIN(1,B4/C4),0) -> 0 | E4: =IF(B4>=C4,"Met","Needed") -> Needed | F4: =MAX(0,C4-B4) -> 1
A5: Discussion Boards | B5: =SUMIF('Assignment Tracker'!B:B,"Discussion Board",'Assignment Tracker'!D:D) -> 0 | C5: ='Instructor Settings'!$B$20 -> 5 | D5: =IFERROR(MIN(1,B5/C5),0) -> 0 | E5: =IF(B5>=C5,"Met","Needed") -> Needed | F5: =MAX(0,C5-B5) -> 5
A6: Tutorials | B6: =SUMIF('Assignment Tracker'!B:B,"Tutorials",'Assignment Tracker'!D:D) -> 0 | C6: ='Instructor Settings'!$B$10 -> 25 | D6: =IFERROR(MIN(1,B6/C6),0) -> 0 | E6: =IF(B6>=C6,"Met","Needed") -> Needed | F6: =MAX(0,C6-B6) -> 25
A7: InQuizitives | B7: =SUMIF('Assignment Tracker'!B:B,"InQuizitives",'Assignment Tracker'!D:D) -> 0 | C7: ='Instructor Settings'!$B$15 -> 25 | D7: =IFERROR(MIN(1,B7/C7),0) -> 0 | E7: =IF(B7>=C7,"Met","Needed") -> Needed | F7: =MAX(0,C7-B7) -> 25
A8: Unit Tests Passed | B8: =SUMIF('Assignment Tracker'!B:B,"Unit Tests",'Assignment Tracker'!D:D) -> 0 | C8: ='Instructor Settings'!$B$25 -> 7 | D8: =IFERROR(MIN(1,B8/C8),0) -> 0 | E8: =IF(B8>=C8,"Met","Needed") -> Needed | F8: =MAX(0,C8-B8) -> 7
A10: Final Exam Status | B10: =IF(B12="YES","EXEMPT",IF('Assignment Tracker'!D29=1,"PASSED","NOT YET EXEMPT")) -> PASSED
A11: Current Eligible Grade | B11: =IF(AND($B$4>=1,$B$5>='Instructor Settings'!$B$20,$B$6>='Instructor Settings'!$B$10,$B$7>='Instructor Settings'!$B$15,$B$8>='Instructor Settings'!$B$25),"A",IF(AND($B$4>=1,$B$5>='Instructor Settings'!$B$21,$B$6>='Instructor Settings'!$B$11,$B$7>='Instructor Settings'!$B$16,$B$8>='Instructor Settings'!$B$26,'Assignment Tracker'!$D$29>=1),"B",IF(AND($B$4>=1,$B$5>='Instructor Settings'!$B$22,$B$6>='Instructor Settings'!$B$12,$B$7>='Instructor Settings'!$B$17,$B$8>='Instructor Settings'!$B$27,'Assignment Tracker'!$D$29>=1),"C",IF(AND($B$4>=1,$B$5>='Instructor Settings'!$B$23,$B$6>='Instructor Settings'!$B$13,$B$7>='Instructor Settings'!$B$18,$B$8>='Instructor Settings'!$B$28,'Assignment Tracker'!$D$29>=1),"D","F")))) -> F
A12: A Requirements Met? | B12: =IF(AND($B$4>=1,$B$5>='Instructor Settings'!$B$20,$B$6>='Instructor Settings'!$B$10,$B$7>='Instructor Settings'!$B$15,$B$8>='Instructor Settings'!$B$25),"YES","NO") -> NO
A15: Grade Ladder - All listed specifications must be met to earn that grade
A17: Grade | B17: Syllabus | C17: Discussions | D17: Tutorials | E17: InQuizitives | F17: Tests Passed | G17: Final Exam | H17: Met?
A18: A | B18: Complete | C18: ='Instructor Settings'!$B$20 -> 5 | D18: ='Instructor Settings'!$B$10 -> 25 | E18: ='Instructor Settings'!$B$15 -> 25 | F18: ='Instructor Settings'!$B$25 -> 7 | G18: Exempt | H18: =IF(B12="YES","YES","NO") -> NO
A19: B | B19: Complete | C19: ='Instructor Settings'!$B$21 -> 4 | D19: ='Instructor Settings'!$B$11 -> 20 | E19: ='Instructor Settings'!$B$16 -> 20 | F19: ='Instructor Settings'!$B$26 -> 6 | G19: >=70% | H19: =IF(OR(B12="YES",AND($B$4>=1,$B$5>='Instructor Settings'!$B$21,$B$6>='Instructor Settings'!$B$11,$B$7>='Instructor Settings'!$B$16,$B$8>='Instructor Settings'!$B$26,'Assignment Tracker'!$D$29>=1)),"YES","NO") -> NO
A20: C | B20: Complete | C20: ='Instructor Settings'!$B$22 -> 3 | D20: ='Instructor Settings'!$B$12 -> 15 | E20: ='Instructor Settings'!$B$17 -> 15 | F20: ='Instructor Settings'!$B$27 -> 5 | G20: >=70% | H20: =IF(OR(B12="YES",AND($B$4>=1,$B$5>='Instructor Settings'!$B$22,$B$6>='Instructor Settings'!$B$12,$B$7>='Instructor Settings'!$B$17,$B$8>='Instructor Settings'!$B$27,'Assignment Tracker'!$D$29>=1)),"YES","NO") -> NO
A21: D | B21: Complete | C21: ='Instructor Settings'!$B$23 -> 2 | D21: ='Instructor Settings'!$B$13 -> 10 | E21: ='Instructor Settings'!$B$18 -> 10 | F21: ='Instructor Settings'!$B$28 -> 4 | G21: >=70% | H21: =IF(OR(B12="YES",AND($B$4>=1,$B$5>='Instructor Settings'!$B$23,$B$6>='Instructor Settings'!$B$13,$B$7>='Instructor Settings'!$B$18,$B$8>='Instructor Settings'!$B$28,'Assignment Tracker'!$D$29>=1)),"YES","NO") -> NO
A23: Note: This reusable template is driven by the Instructor Settings sheet. Students enter data only in yellow cells on the Assignment Tracker.

Sheet Assignment Tracker
A1: Assignment | B1: Category | C1: Completed? | D1: Completed | E1: Possible | F1: Earned Points | G1: Possible Points | H1: Percentage | I1: Passed/Complete? | J1: Notes
A2: Syllabus Quiz (20/20 Required) | B2: Syllabus Quiz | D2: =IF(C2="Yes",1,0) -> 0 | E2: 1 | G2: ='Instructor Settings'!$B$4 -> 20 | I2: =IF(C2="Yes","Complete","Needed") -> Needed | J2: Mark Complete after earning 20/20
A3: Introduction Discussion Board | B3: Discussion Board | D3: =IF(C3="Yes",1,0) -> 0 | E3: 1 | I3: =IF(C3="Yes","Complete","Needed") -> Needed
A4: Discussion Board #1 | B4: Discussion Board | D4: =IF(C4="Yes",1,0) -> 0 | E4: 1 | I4: =IF(C4="Yes","Complete","Needed") -> Needed
A5: Unit 1 Tutorials | B5: Tutorials | E5: =IF('Instructor Settings'!$E$4="","",'Instructor Settings'!$E$4) -> 13 | I5: =IF(D5="","",IF(D5>E5,"Check Total","Entered"))
A6: Unit 1 InQuizitives | B6: InQuizitives | E6: =IF('Instructor Settings'!$F$4="","",'Instructor Settings'!$F$4) -> 14 | I6: =IF(D6="","",IF(D6>E6,"Check Total","Entered"))
A7: Unit 1 Test | B7: Unit Tests | D7: =IF(AND(F17<>"",H17>='Instructor Settings'!$B$8),1,0) -> 0 | E7: 1 | G7: ='Instructor Settings'!$E$12 -> 35 | H7: =IF(OR(F7="",G7=""),"",F7/G7) | I7: =IF(H7="","",IF(H7>='Instructor Settings'!$B$8,"Pass","Retry"))
A8: Unit 2 Tutorials | B8: Tutorials | E8: =IF('Instructor Settings'!$E$5="","",'Instructor Settings'!$E$5) -> 10 | I8: =IF(D8="","",IF(D8>E8,"Check Total","Entered"))
A9: Unit 2 InQuizitives | B9: InQuizitives | E9: =IF('Instructor Settings'!$F$5="","",'Instructor Settings'!$F$5) -> 9 | I9: =IF(D9="","",IF(D9>E9,"Check Total","Entered"))
A10: Unit 2 Test | B10: Unit Tests | D10: =IF(AND(F17<>"",H17>='Instructor Settings'!$B$8),1,0) -> 0 | E10: 1 | G10: ='Instructor Settings'!$E$12 -> 35 | H10: =IF(OR(F10="",G10=""),"",F10/G10) | I10: =IF(H10="","",IF(H10>='Instructor Settings'!$B$8,"Pass","Retry"))
A11: Discussion Board #2 | B11: Discussion Board | D11: =IF(C11="Yes",1,0) -> 0 | E11: 1 | I11: =IF(C11="Yes","Complete","Needed") -> Needed
A12: Unit 3 Tutorials | B12: Tutorials | E12: =IF('Instructor Settings'!$E$6="","",'Instructor Settings'!$E$6) -> 14 | I12: =IF(D12="","",IF(D12>E12,"Check Total","Entered"))
A13: Unit 3 InQuizitives | B13: InQuizitives | E13: =IF('Instructor Settings'!$F$6="","",'Instructor Settings'!$F$6) -> 9 | I13: =IF(D13="","",IF(D13>E13,"Check Total","Entered"))
A14: Unit 3 Test | B14: Unit Tests | D14: =IF(AND(F17<>"",H17>='Instructor Settings'!$B$8),1,0) -> 0 | E14: 1 | G14: ='Instructor Settings'!$E$12 -> 35 | H14: =IF(OR(F14="",G14=""),"",F14/G14) | I14: =IF(H14="","",IF(H14>='Instructor Settings'!$B$8,"Pass","Retry"))
A15: Unit 4 Tutorials | B15: Tutorials | E15: =IF('Instructor Settings'!$E$7="","",'Instructor Settings'!$E$7) | I15: =IF(D15="","",IF(D15>E15,"Check Total","Entered")) | J15: Instructor can set possible total
A16: Unit 4 InQuizitives | B16: InQuizitives | E16: =IF('Instructor Settings'!$F$7="","",'Instructor Settings'!$F$7) | I16: =IF(D16="","",IF(D16>E16,"Check Total","Entered")) | J16: Instructor can set possible total
A17: Unit 4 Test | B17: Unit Tests | D17: =IF(AND(F17<>"",H17>='Instructor Settings'!$B$8),1,0) -> 0 | E17: 1 | G17: ='Instructor Settings'!$E$12 -> 35 | H17: =IF(OR(F17="",G17=""),"",F17/G17) | I17: =IF(H17="","",IF(H17>='Instructor Settings'!$B$8,"Pass","Retry"))
A18: Discussion Board #3 | B18: Discussion Board | D18: =IF(C18="Yes",1,0) -> 0 | E18: 1 | I18: =IF(C18="Yes","Complete","Needed") -> Needed
A19: Unit 5 Tutorials | B19: Tutorials | E19: =IF('Instructor Settings'!$E$8="","",'Instructor Settings'!$E$8) | I19: =IF(D19="","",IF(D19>E19,"Check Total","Entered")) | J19: Instructor can set possible total
A20: Unit 5 InQuizitives | B20: InQuizitives | E20: =IF('Instructor Settings'!$F$8="","",'Instructor Settings'!$F$8) | I20: =IF(D20="","",IF(D20>E20,"Check Total","Entered")) | J20: Instructor can set possible total
A21: Unit 5 Test | B21: Unit Tests | D21: =IF(AND(F17<>"",H17>='Instructor Settings'!$B$8),1,0) -> 0 | E21: 1 | G21: ='Instructor Settings'!$E$12 -> 35 | H21: =IF(OR(F21="",G21=""),"",F21/G21) | I21: =IF(H21="","",IF(H21>='Instructor Settings'!$B$8,"Pass","Retry"))
A22: Unit 6 Tutorials | B22: Tutorials | E22: =IF('Instructor Settings'!$E$9="","",'Instructor Settings'!$E$9) | I22: =IF(D22="","",IF(D22>E22,"Check Total","Entered")) | J22: Instructor can set possible total
A23: Unit 6 InQuizitives | B23: InQuizitives | E23: =IF('Instructor Settings'!$F$9="","",'Instructor Settings'!$F$9) | I23: =IF(D23="","",IF(D23>E23,"Check Total","Entered")) | J23: Instructor can set possible total
A24: Unit 6 Test | B24: Unit Tests | D24: =IF(AND(F17<>"",H17>='Instructor Settings'!$B$8),1,0) -> 0 | E24: 1 | G24: ='Instructor Settings'!$E$12 -> 35 | H24: =IF(OR(F24="",G24=""),"",F24/G24) | I24: =IF(H24="","",IF(H24>='Instructor Settings'!$B$8,"Pass","Retry"))
A25: Discussion Board #4 | B25: Discussion Board | D25: =IF(C25="Yes",1,0) -> 0 | E25: 1 | I25: =IF(C25="Yes","Complete","Needed") -> Needed
A26: Unit 7 Tutorials | B26: Tutorials | E26: =IF('Instructor Settings'!$E$10="","",'Instructor Settings'!$E$10) | I26: =IF(D26="","",IF(D26>E26,"Check Total","Entered")) | J26: Instructor can set possible total
A27: Unit 7 InQuizitives | B27: InQuizitives | E27: =IF('Instructor Settings'!$F$10="","",'Instructor Settings'!$F$10) | I27: =IF(D27="","",IF(D27>E27,"Check Total","Entered")) | J27: Instructor can set possible total
A28: Unit 7 Test | B28: Unit Tests | D28: =IF(AND(F17<>"",H17>='Instructor Settings'!$B$8),1,0) -> 0 | E28: 1 | G28: ='Instructor Settings'!$E$12 -> 35 | H28: =IF(OR(F28="",G28=""),"",F28/G28) | I28: =IF(H28="","",IF(H28>='Instructor Settings'!$B$8,"Pass","Retry"))
A29: Final Exam | B29: Final Exam | D29: =IF(H29>='Instructor Settings'!$B$8,1,0) -> 1 | E29: 1 | G29: ='Instructor Settings'!$B$7 -> 50 | H29: =IF(OR(F29="",G29=""),"",F29/G29) | I29: =IF(H29="","",IF(H29>='Instructor Settings'!$B$8,"Pass","Retry")) | J29: Only needed if not exempt

Sheet Instructions
A1: How to Use This Tracker
A3: For Students | B3: Use the Assignment Tracker sheet. Enter information only in yellow cells.
A4: Yellow Cells | B4: Student/instructor editable input cells.
A5: Blue Cells | B5: Fixed course values pulled from Instructor Settings.
A6: Green Cells | B6: Automatically calculated values.
A7: Syllabus Quiz | B7: Mark Yes only after earning 20/20.
A8: Discussion Boards | B8: Mark Yes when completed.
A9: Tutorials/InQuizitives | B9: Enter the number completed for each unit. The dashboard adds them together.
A10: Unit Tests | B10: Enter earned points. Possible points are filled from Instructor Settings. Percentage and pass status calculate automatically.
A11: Final Exam | B11: Only needed if the student is not exempt. Enter earned points if taken.
A12: For Instructors | B12: Use Instructor Settings to change required counts, unit totals, and point values.
A13: Important | B13: If the class adds more than 7 units, create a new tracker version with added rows/formulas.

Sheet Instructor Settings
A1: Instructor Settings - Edit Yellow Cells Only
A3: General Setting | B3: Value | D3: Unit | E3: Tutorials Possible | F3: InQuizitives Possible
A4: Syllabus Quiz Possible Points | B4: 20 | D4: 1 | E4: 13 | F4: 14
A5: Discussion Boards Total | B5: 5 | D5: 2 | E5: 10 | F5: 9
A6: Unit Tests Total | B6: 7 | D6: 3 | E6: 14 | F6: 9
A7: Final Exam Possible Points | B7: 50 | D7: 4
A8: Passing Percentage | B8: 0.7 | D8: 5
D9: 6
A10: Tutorials Needed for A | B10: 25 | D10: 7
A11: Tutorials Needed for B | B11: 20
A12: Tutorials Needed for C | B12: 15 | D12: Unit Test Possible Points | E12: 35
A13: Tutorials Needed for D | B13: 10 | D13: Final Exam Possible Points | E13: =B7 -> 50
A15: InQuizitives Needed for A | B15: 25
A16: InQuizitives Needed for B | B16: 20
A17: InQuizitives Needed for C | B17: 15
A18: InQuizitives Needed for D | B18: 10
A20: Discussion Boards Needed for A | B20: 5
A21: Discussion Boards Needed for B | B21: 4
A22: Discussion Boards Needed for C | B22: 3
A23: Discussion Boards Needed for D | B23: 2
A25: Unit Tests Needed for A | B25: 7
A26: Unit Tests Needed for B | B26: 6
A27: Unit Tests Needed for C | B27: 5
A28: Unit Tests Needed for D | B28: 4
A31: Notes
A32: Change only yellow cells. The Dashboard and Assignment Tracker will update from these settings.
A33: Unit totals are optional for tracking total possible work; grade goals are controlled by the required counts above.
A34: If the course adds more than 7 units, a new tracker version should add rows/formulas for those units.
